{"cameraMode":{"drawMode":0,"name":"Shaded","section":"Shading Mode"},"sceneLighting":false,"audioPlay":false,"sceneViewState":{"m_AlwaysRefresh":true,"showFog":true,"showSkybox":false,"showFlares":true,"showImageEffects":true,"showParticleSystems":true,"showVisualEffectGraphs":true,"m_FxEnabled":true},"in2DMode":false,"pivot":{"x":14.293924331665039,"y":-0.2869449853897095,"z":-0.005944474600255489},"rotation":{"x":-0.004499053582549095,"y":-0.020998213440179826,"z":-0.00009451383084524423,"w":0.9997707009315491},"size":1.7200536727905274,"orthographic":false}